Player_ID,Player_Name,Age,Team,Position,Games_Played,Passing_Yards,Rushing_Yards,Receiving_Yards,Touchdowns,Height_Inches,Weight_Lbs
P001,Chris Smith,23.0,Easton Warriors,CB,8.0,28,35,26.0,17,67,240.0
P002,Marcus Smith,18.0,Baltimore Eagles,TE,8.0,64,154,154.0,17,69,256.0
P003,Miles Wilson,,Annapolis Panthers,CB,9.0,0,194,40.0,13,71,200.0
P004,Darius Davis,18.0,Towson Tigers,RB,11.0,12,785,88.0,19,70,170.0
P005,Elijah Taylor,18.0,Annapolis Panthers,CB,6.0,70,75,92.0,18,69,255.0
P006,Marcus Brown,150.0,Towson Tigers,QB,8.0,613,828,71.0,14,76,211.0
P007,Trey Davis,19.0,Easton Warriors,RB,6.0,77,1350,43.0,17,77,196.0
P008,Elijah Wilson,20.0,Maryland Knights,RB,8.0,87,714,14.0,7,66,205.0
P009,Cameron Johnson,19.0,,TE,10.0,27,167,1122.0,12,76,223.0
P010,Cameron Williams,19.0,Maryland Knights,RB,9.0,95,1247,109.0,18,72,211.0
P011,Jayden Taylor,21.0,towson tigers,RB,5.0,14,363,40.0,13,75,173.0
P012,Jalen Anderson,21.0,Maryland Knights,TE,9.0,70,2,334.0,17,78,199.0
P013,Isaiah Johnson,20.0,Annapolis Panthers,CB,7.0,N/A,0,67.0,16,78,187.0
P014,Chris Jones,23.0,Maryland Knights,LB,8.0,19,95,41.0,17,78,232.0
P015,Aiden Davis,21.0,Towson Tigers,QB,6.0,1686,679,61.0,1,69,237.0
P016,Tyler Moore,18.0,Maryland Knights,QB,7.0,725,1401,121.0,17,68,
P017,Aiden Wilson,19.0,Maryland Knights,LB,8.0,91,79,102.0,20,71,221.0
P018,Elijah Johnson,19.0,Baltimore Eagles,LB,6.0,43,5,150.0,17,69,240.0
P019,Jordan Johnson,23.0,Towson Tigers,RB,8.0,8,114,84.0,2,120,195.0
P020,Caleb Brown,22.0,Baltimore Eagles,WR,12.0,31,200,1068.0,13,69,177.0
P021,Noah Davis,21.0, Towson Tigers ,QB,12.0,3186,160,25.0,1,72,258.0
P022,Chris Brown,19.0,Baltimore Eagles,WR,12.0,17,108,475.0,8,73,196.0
P023,Elijah Taylor,18.0,Towson Tigers,QB,,582,534,42.0,13,73,226.0
P024,Jalen Smith,19.0,Annapolis Panthers,RB,5.0,49,593,116.0,9,72,254.0
P025,Miles Moore,19.0,Baltimore Eagles,CB,9.0,27,14,148.0,17,66,260.0
P026,Marcus Smith,22.0,Annapolis Panthers,WR,7.0,7,130,264.0,5,67,241.0
P027,Andre Wilson,18.0,Maryland Knights,QB,8.0,2571,1267,10.0,19,67,218.0
P028,Brandon Anderson,22.0,Easton Warriors,CB,9.0,26,171,80.0,7,70,20.0
P029,Devin Moore,20.0,Towson Tigers,RB,5.0,58,1322,144.0,3,67,233.0
P030,Xavier Jones,19.0,Easton Warriors,RB,6.0,31,806,72.0,5,73,234.0
P031,Devin Anderson,23.0,Maryland Knights,CB,5.0,85,141,,3,68,198.0
P032,Chris Taylor,19.0,BALTIMORE EAGLES,QB,9.0,2677,481,87.0,6,76,246.0
P033,Xavier Moore,20.0,Towson Tigers,WR,6.0,81,108,666.0,1,66,207.0
P034,Cameron Williams,23.0,Annapolis Panthers,RB,11.0,71,69,28.0,2,77,184.0
P035,Marcus Davis,22.0,Maryland Knights,LB,7.0,55,32,10.0,9,71,170.0
P036,Darius Brown,23.0,Towson Tigers,WR,10.0,99,143,932.0,19,77,184.0
P037,Malik Williams,21.0,Towson Tigers,RB,7.0,94,unknown,105.0,7,70,185.0
P038,Chris Wilson,18.0,Annapolis Panthers,CB,8.0,25,117,89.0,9,78,194.0
P039,Jordan Brown,21.0,Easton Warriors,RB,9.0,8,621,89.0,20,74,216.0
P040,Miles Davis,18.0,Towson Tigers,CB,9.0,22,148,67.0,1,67,241.0
P041,Trey Davis,21.0,Maryland Knights,TE,6.0,49,147,489.0,8,66,255.0
P042,Jordan Taylor,22.0,Baltimore Eagles,TE,-3.0,55,17,776.0,19,71,249.0
P043,Devin Taylor,20.0,Annapolis Panthers,QB,10.0,1848,1477,75.0,17,68,189.0
P044,Jalen Williams,22.0,Maryland Knights,TE,9.0,51,140,100.0,9,70,191.0
P045,Brandon Anderson,23.0,Easton Warriors,TE,12.0,56,113,537.0,16,73,259.0
P046,Tyler Jones,22.0,Maryland Knights,wr,10.0,11,531,79.0,7,78,190.0
P047,Jordan Smith,19.0,Annapolis Panthers,RB,6.0,58,898,147.0,6,77,254.0
P048,Caleb Wilson,19.0,Baltimore Eagles,TE,5.0,96,197,318.0,13,69,187.0
P049,Xavier Moore,18.0,Maryland Knights,CB,8.0,15,116,34.0,14,76,232.0
P050,Aiden Davis,21.0,Maryland Knights,LB,11.0,70,114,40.0,15,73,198.0
P051,Cameron Taylor,21.0,Baltimore Eagles,RB,9.0,56,208,73.0,ten,70,207.0
P052,Miles Johnson,19.0,Baltimore Eagles,WR,8.0,49,177,412.0,6,67,218.0
P053,Isaiah Taylor,21.0,Annapolis Panthers,TE,5.0,26,107,897.0,18,77,167.0
P054,Jalen Moore,18.0,Easton Warriors,Quarterback,9.0,96,99,107.0,17,77,259.0
P055,Aiden Brown,21.0,Baltimore Eagles,LB,9.0,55,124,7.0,12,71,250.0
P056,Jalen Williams,21.0,Baltimore Eagles,CB,5.0,50,151,144.0,0,67,247.0
P057,Jayden Moore,19.0,Towson Tigers,TE,9.0,48,83,533.0,14,71,208.0
P058,Cameron Wilson,20.0,Towson Tigers,TE,12.0,2,191,1204.0,1,71,193.0
P059,Tyler Smith,18.0,Baltimore Eagles,CB,8.0,2,159,39.0,7,68,225.0
P060,Chris Anderson,19.0,Annapolis Panthers,CB,9.0,98,94,42.0,19,75,260.0
P061,Chris Williams,20.0,Towson Tigers,CB,5.0,39,147,96.0,12,77,190.0
P062,Brandon Brown,18.0,Easton Warriors,RB ,6.0,2518,134,88.0,17,72,249.0
P063,Tyler Taylor,23.0,Easton Warriors,WR,5.0,53,125,316.0,13,71,246.0
P064,Jayden Wilson,19.0,Maryland Knights,TE,9.0,78,137,1090.0,14,72,258.0
P065,Cameron Davis,19.0,Towson Tigers,LB,9.0,57,62,118.0,18,75,205 lbs
P066,Isaiah Smith,21.0,Easton Warriors,TE,7.0,62,54,826.0,8,71,200.0
P067,Cameron Taylor,18.0,Maryland Knights,LB,8.0,10,61,104.0,15,74,195.0
P068,Caleb Moore,21.0,Towson Tigers,CB,6.0,37,56,103.0,7,70,249.0
P069,Trey Moore,22.0,Maryland Knights,LB,10.0,54,190,140.0,10,71,254.0
P070,Cameron Jones,20.0,Baltimore Eagles,TE,6.0,92,49,746.0,3,77,233.0
P071,  Malik Smith,19.0,Annapolis Panthers,CB,9.0,92,150,134.0,19,70,177.0
P072,Devin Brown,20.0,Baltimore Eagles,RB,9.0,1,1500,136.0,4,70,170.0
P073,Miles Jones,23.0,Baltimore Eagles,QB,12.0,620,75,146.0,9,73,226.0
P074,Isaiah Williams,18.0,Easton Warriors,TE,12.0,14,16,920.0,15,67,238.0
P075,Marcus Williams,19.0,Maryland Knights,CB,9.0,10,63,30.0,17,78,218.0
P076,Aiden Anderson,19.0,Maryland Knights,LB,11.0,57,113,76.0,18,72,204.0
P077,Aiden Smith,22.0,Towson Tigers,LB,8.0,80,54,67.0,2,68,195.0
P078,Miles Johnson,19.0,Towson Tigers,RB,11.0,57,1461,120.0,9,66,194.0
P079,Devin Moore,18.0,Baltimore Eagles,WR,9.0,100,160,1307.0,6,72,179.0
P080,Andre Williams,20.0,Baltimore Eagles,LB,6.0,7,42,78.0,19,77,237.0
P081,Elijah Johnson,21.0,Easton Warriors,WR,11.0,34,128,1205.0,15,73,175.0
P082,Marcus Wilson,23.0,Easton Warriors,LB,9.0,3,23,58.0,18,75,167.0
P083,Cameron Anderson,18.0,Baltimore Eagles,CB,12.0,66,166,113.0,8,68,239.0
P084,Caleb Johnson,21.0,Easton Warriors,TE,11.0,42,82,314.0,5,71,217.0
P085,Caleb Jones,23.0,Annapolis Panthers,CB,5.0,58,22,80.0,8,71,179.0
P086,Xavier Smith,23.0,Maryland Knights,TE,12.0,52,13,484.0,16,71,244.0
P087,Elijah Smith,19.0,Easton Warriors,TE,7.0,36,112,1092.0,3,66,245.0
P088,Andre Williams,20.0,Maryland Knights,LB,5.0,70,104,23.0,7,67,224.0
P089,Jayden Moore,23.0,Easton Warriors,QB,9.0,1901,1038,120.0,7,73,235.0
P090,Jalen Brown,22.0,Maryland Knights,RB,7.0,8,615,106.0,10,78,229.0
P005,Elijah Taylor,18.0,Annapolis Panthers,CB,6.0,70,75,92.0,18,69,255.0
P017,Aiden Wilson,19.0,Maryland Knights,LB,8.0,91,79,102.0,20,71,221.0
P033,Xavier Moore,20.0,Towson Tigers,WR,6.0,81,108,666.0,1,66,207.0
P049,Xavier Moore,18.0,Maryland Knights,CB,8.0,15,116,34.0,14,76,232.0
P073,Miles Jones,23.0,Baltimore Eagles,QB,12.0,620,75,146.0,9,73,226.0
